Domain,Capability,Level,Alignment,Maturity Score,Similarity Score,Opportunity,Recommendation
Data,APIs,1,"The alignment between the provided criteria and the text is **moderate**. The text clearly addresses the establishment of a need for apis and api architecture by mentioning regulatory requirements and internal policies that dictate formats and basic architecture. It also touches on awareness within the organization and serving internal customers by maintaining an inventory of all existing apis. However, the text does not explicitly discuss a common vision for apis or naming conventions, which are part of the criteria. Thus, while there is some alignment on several points, it is not comprehensive across all the specified criteria.",0.5,0.52,"The current state of api development, while compliant with regulatory requirements and internal policies, could benefit from enhanced centralization and standardization processes to streamline management and integration across the organization.","To effectively elevate the organization's api management practices, it is essential to initiate a comprehensive training program for developers focused on the latest standards and best practices in api development. This training should be integrated with the implementation of a centralized api gateway that not only streamlines access and security protocols but also serves as a focal point for monitoring and managing api interactions. Concurrently, the development of a clear and cohesive documentation strategy is crucial. This strategy should encompass both the existing apis and any new apis developed under the standardized guidelines, ensuring that all documentation is centralized for ease of access and consistency. This approach will facilitate better control and visibility over api inventory, enhance compliance with regulatory requirements, and support the measurement of progress through well-defined metrics and kpis, thereby fostering a more structured and efficient api ecosystem."
Data,Backup and Recovery,1,"The alignment between the criteria and the text is **moderate**. The text indicates that the enterprise has established disaster recovery sites and strategies based on the criticality of applications, which aligns with the criteria that business impact and risk analysis inform decision-making and that critical non-functional requirements drive foundational elements of the approach. However, the text does not provide information on whether the processes are manual, nor does it mention anything about the disaster recovery management foundation, policy, standards, architecture, or documentation, which are essential components of the criteria. Thus, while there is some alignment on strategic elements, the lack of detail on process and documentation specifics limits the overall alignment strength.",0.5,0.65,"While the enterprise has established primary or secondary sites for disaster recovery, it has yet to fully document its disaster recovery strategy, standardize recovery efforts, or define a comprehensive architecture and clear requirements to guide the implementation of these processes.","In assessing the transition from a level 1 to a more advanced disaster recovery (dr) maturity, it becomes evident that while the initial steps have been taken to identify critical applications and establish primary and secondary recovery sites, the organization now needs to focus on the comprehensive documentation and standardization of its dr processes. This involves crafting a detailed dr strategy that not only outlines the steps for recovery but also integrates well-defined dr standards to ensure consistency and effectiveness across all operations. Furthermore, developing a robust dr architecture will provide a structured framework that supports these processes, complemented by explicitly defined dr requirements that address specific recovery point objectives (rpos) and recovery time objectives (rtos). By doing so, the organization will enhance its resilience and readiness, ensuring a systematic and efficient response to any disruptive incidents."
Data,Classification,1,"The alignment between the provided criteria and the text is **moderate**. The text touches on several aspects of the criteria such as the existence of a basic on-premises data classification policy, the need for a documented policy and framework, and the implication of data moving to the cloud, which suggests the beginning of understanding the value of data classification and the business case for developing a classification process. However, the text does not explicitly mention the incorporation of regulatory requirements like gdpr or the initiation of developing a comprehensive data classification framework and policy, which are crucial elements of the criteria. Thus, while there is some alignment on the foundational aspects, the text lacks details on regulatory integration and the comprehensive development process, leading to a moderate alignment assessment.",0.5,0.51,"The current state reveals a foundational on-premises data classification policy with four levels, primarily distinguishing between internal and publicly disclosable information. As the organization progresses towards cloud integration, the establishment of a formally defined and comprehensive data classification framework becomes crucial to ensure sensitive data is systematically identified, classified, and protected across all platforms.","To effectively enhance the current data classification policy and framework, particularly as data transitions to cloud environments, it is crucial to expand the existing on-premises four-level data classification system by incorporating comprehensive criteria and categories that address the sensitivity and criticality of data. This expansion should include the systematic inventorying and tagging of data, especially personally identifiable information (pii), across all storage locations, ensuring that each data element is evaluated and classified according to its defined sensitivity level. Additionally, integrating these classifications within a data loss prevention (dlp) framework will safeguard highly sensitive data, while sporadic classifications should evolve into a consistent and proactive process. This approach not only secures data across platforms but also streamlines compliance with regulatory requirements, thereby fortifying the organization's data governance and security posture."
Data,Data Governance,1,"The alignment between the provided criteria and the text is **weak**. The text indicates that the initiative is still in a pilot phase and lacks organization-wide expansion, which suggests limited awareness within the organization. There is mention of potentially establishing a governing body, but no clear evidence of a defined vision, strategy, roles, or well-formed raci across roles. Furthermore, the text does not mention any dedicated funding or staffing for the roles, which are crucial elements of the criteria listed. Overall, the initiative described in the text appears to be in its early stages with several key components of the criteria unaddressed.",0.0,0.55,"The initiative, while having completed the advisory phase, reveals that the integration and consistent application of data governance policies across the organization remain in the preliminary stages, particularly in areas such as data logging and the establishment of data governance roles. This situation highlights the need for a more structured approach to data management to support the scalability of data governance practices as the organization moves towards higher maturity levels.","To effectively address the gaps identified in the initial assessment and align with the evolving data management needs, the organization should prioritize the establishment of a comprehensive data governance framework. This framework should include the formation of clear data stewardship roles and responsibilities, the development and implementation of robust data governance policies, and the introduction of metrics and reporting functions, initially manual, to monitor compliance and effectiveness. Additionally, the organization should consider expanding the pilot program to include more comprehensive tool selection that supports data warehousing and prepares for future integration of data lakes or data mesh technologies. This expansion should be supported by enhanced logging practices across all projects to ensure complete and accurate data capture, which will serve as a critical foundation for informed decision-making and regulatory compliance. By taking these steps, the organization can better manage its data as a strategic asset, fostering growth and ensuring readiness for more advanced data governance requirements."
Data,Data Life Cycle Management,1,"The alignment between the criteria and the text is weak. The text indicates a lack of a consistent data lifecycle management strategy across the organization and mentions only a pilot program for an ai model lifecycle strategy, which does not cover broader lifecycle management practices or address the comprehensive criteria such as business case development, defined data phases, tco/roi documentation, support for lifecycle strategy, data utilization goals, or specific use cases. This suggests that the organization's current practices are not well-aligned with the detailed and structured approach outlined in the criteria.",0.0,0.56,"The organization currently lacks a unified approach to data lifecycle management, with data entering the warehouse without defined expiration parameters tailored to specific applications, highlighting the need for a more cohesive strategy that aligns with enterprise-wide standards and compliance processes.","To effectively address the current gaps in data lifecycle management and align with broader organizational standards, the company should initiate the development of comprehensive data lifecycle management standards that include clear data classification, retention, and tagging policies. This initiative should be supported by a robust legal review process to ensure compliance with relevant data protection laws and regulations. Additionally, integrating the ai model lifecycle strategy from the pilot program into this broader framework can serve as a foundational element for these standards. By establishing enterprise-wide storage infrastructure standards that support the data architecture, the organization can ensure that all applications adhere to uniform data expiration protocols and protection policies, thereby enhancing the overall governance and utilization of data across the company. This approach will not only streamline data management processes but also fortify the company's compliance posture and data usage efficacy."
Data,Data Quality,1,"The alignment between the criteria and the text is **moderate**. The text supports the criteria that there is awareness of data quality importance among data warehousing experts, aligning with the criterion that data quality awareness exists within the organization, albeit limited. Additionally, the text's mention of the lack of widespread understanding and the absence of defined objectives for data quality aligns with the criteria stating that data quality is not well understood and the importance of having a common defined objective. However, the text does not provide information on the assessment of critical data quality, the nature of current efforts across different units, the necessity of a draft objective statement, or the ad hoc and reactive nature of data quality procedures, which limits the strength of the alignment.",0.5,0.75,"While the organization's data warehousing experts recognize the significance of data quality, the broader organizational understanding and formalization of specific data quality objectives remain undeveloped.","To effectively elevate the organization's approach to data quality, initiating a comprehensive training program across all departments will ensure widespread awareness and understanding of data quality importance, aligning with the need for a documented data quality objective. Simultaneously, investing in and standardizing commercial software tools for data preparation will facilitate consistency in data handling. Establishing a cross-functional team dedicated to developing and implementing data governance standards will aid in the identification and remediation of data issues, supported by the creation of clear, actionable processes for ongoing data quality management. This approach not only addresses current gaps in data quality awareness and process standardization but also sets a robust foundation for continuous improvement in data stewardship practices."
Data,Data Science,1,"The alignment between the criteria and the text is **moderate**. The text indicates that the organization is taking steps towards establishing a data science practice by expanding their data and analytics team and involving data warehouse teams, which aligns with the criteria's emphasis on developing a foundation for data science through hands-on learning and experimentation. However, the lack of a formal vision and strategy development mentioned in the text suggests only a partial alignment with the criteria's point about having a defined vision and developing strategy.",0.5,0.61,"The organization currently lacks a formal vision for its data science practice, which is crucial for advancing beyond the initial stages of establishing data governance and expanding the analytics team.","To effectively bridge the current state of the organization's data governance project to meet the specified criteria, it is essential to formalize the vision for the data science practice. This involves defining clear processes, procedures, and techniques that ensure scalability and integration with asset management, security, and infrastructure policies. Establishing robust disaster recovery controls for critical assets and embedding data examination, quality, and cleansing processes within the data management framework will enhance resilience and operational efficiency. Additionally, fostering a culture of collaboration among data scientists, not merely based on convenience and familiarity but structured around strategic business goals, will catalyze the transformation of the data governance framework into a more mature, integrated, and effective system. This strategic approach will streamline the transition by aligning the expansion of the data and analytics team with overarching business objectives, thereby securing a cohesive advancement towards enhanced data governance maturity."
Data,Data Strategy,1,"The alignment between the criteria and the text is **moderate**. The text clearly addresses the formation of a team and the initial stages of developing a comprehensive data strategy, specifically for cloud data, which aligns with several of the criteria such as ""forming a team"" and ""explore, discover, and develop a comprehensive data strategy."" however, there is no mention of awareness within the organization, data sprawl risk recognition, alignment through a draft vision statement, or the documentation and approval processes for data strategy and management policies. Thus, while there is some alignment on key aspects, several criteria are not addressed in the provided text.",0.5,0.6,"The current phase of forming a team and discussing the development of a cloud data strategy marks the initial steps in aligning with broader organizational goals, yet the establishment of a comprehensive, documented data strategy with clear executive and board approval remains to be addressed.","In the progression of developing a cloud data strategy, it is essential to first solidify the foundation by ensuring that the initial team formed from various departments not only focuses on inventory and control mechanisms with partners like hpe and deloitte but also engages in comprehensive documentation of the data architecture and strategy. This should include a clear vision statement that aligns with the company's overall objectives. Simultaneously, securing executive leadership and board approval early in the process will facilitate smoother implementation and adherence to strategic goals. Incorporating a communication plan dedicated to data management will enhance transparency and foster collaboration across departments. Furthermore, expanding the analytics approach from descriptive to prescriptive, while integrating ai/ml strategies, will address prioritization of data analytics needs effectively. This approach ensures that all critical non-functional requirements are met, paving the way for a robust data management framework that supports strategic business outcomes."
Data,Data Virtualization ,1,"The alignment between the criteria and the text is **strong**. The text directly addresses the concept of a logical data layer by discussing how data virtualization allows for the management of data in a way that is abstracted from its technical specifics, catering to the needs of multiple users or applications within an enterprise. Additionally, the text mentions the procurement of tools with data virtualization capabilities, which aligns with the criteria of investigating or having virtualization tools in place. This suggests that the organization is not only exploring but potentially implementing these technologies, directly meeting the specified criteria.",1.0,0.71,"The organization has initiated the use of data virtualization tools, which currently facilitate basic data retrieval and manipulation. To further enhance the utility of these tools, there is a need to develop robust metadata models that can integrate various data sources, thereby supporting more sophisticated reporting functions and accommodating the diverse requirements of multiple user personas.","To effectively elevate the organization's use of data virtualization tools, it is essential to focus on enhancing the metadata management capabilities, which will serve as the backbone for integrating disparate data sources. This enhancement will facilitate the creation of a robust virtualization layer that supports advanced reporting functionalities, including natural language processing, to cater to the diverse needs of multiple user personas. Additionally, implementing comprehensive access controls and security measures within the virtualization tools will ensure that data integrity and security are maintained, even as the system scales to accommodate simultaneous access by multiple users. This approach not only broadens the reach and utility of corporate data but also optimizes performance and scalability, thereby fostering a more data-driven decision-making environment across the organization."
Data,High Availalbilty ,1,"The alignment between the provided criteria and the text is weak. The text specifically addresses availability requirements for applications but does not mention other critical criteria such as data repositories, business units, managing expectations, cost for resiliency, slas, slos, business needs, comprehensive coverage, cost-benefit analysis, or service availability and recovery requirements. This indicates a narrow focus that does not comprehensively align with the broader set of criteria listed.",0.0,0.54,"The current framework delineates availability requirements for applications effectively, yet the specific inclusion of data repositories remains unaddressed in this structure.","To effectively enhance the maturity of business operations from the current state where availability requirements are defined only for applications, it is essential to extend these definitions to encompass data repositories. This can be achieved by involving business units in the approval process to ensure that data availability requirements are thoroughly documented and aligned with business needs. Additionally, integrating service tiers into the configuration management database (cmdb) will not only automate service delivery but also facilitate the tracking of availability across all configuration items. Implementing initial availability dashboards will provide ongoing metrics that enable continuous monitoring and improvement of service attainment. This approach ensures that all aspects of resiliency are approved and supported by business units, thereby fostering a more robust and responsive it infrastructure."
Data,Metadata Management,1,"The alignment between the criteria and the text is weak. The criteria outline specific traditional metadata management practices and responsibilities, such as entity relationship modeling and maintaining a data dictionary, which are typically handled by data management teams. However, the text explicitly states that the organization does not include traditional modeling in its metadata management practices, suggesting a significant deviation from the practices and responsibilities described in the criteria. This indicates a clear misalignment between the organization's current practices and the traditional approaches outlined in the criteria.",0.0,0.48,"The organization currently does not incorporate traditional modeling within its metadata management practices, which is essential for advancing to a more structured and beneficial use of metadata that supports the establishment of standardized data dictionaries and meta repositories across the enterprise.","To effectively elevate the organization's metadata management capabilities, initiating a comprehensive training program tailored for both technology teams and end-users is crucial. This program should focus on the importance and operational handling of the newly established centralized business glossary and data catalog. Simultaneously, the development and enforcement of a standardized data dictionary across all departments will ensure uniformity and enhance communication. Establishing meta repositories with clearly defined maintenance processes will support the sustainability of these initiatives. Additionally, implementing metrics to monitor and analyze metadata usage will provide valuable insights into its effectiveness and areas for improvement, thereby fostering a data-driven culture that leverages analytics for strategic decision-making and operational efficiency."
Data,MLOps,1,"The alignment between the criteria and the text is **moderate**. The text indicates a shift from basic scripting to a more structured approach to machine learning operations (mlops), which aligns with the criteria's mention of transitioning from point solutions to more integrated data science capabilities. However, the text does not provide information on the involvement of data scientists in all aspects of model development and usage, nor does it mention the definition of business goals or the discovery phase of mlops stakeholders, which are critical elements of the criteria. Thus, while there is some alignment in terms of transitioning and early mlops implementation, the lack of detail on other specified criteria elements results in only a moderate alignment.",0.5,0.38,"The organization has initiated an ml ops program with a pilot project, yet the current scale of personnel allocation and the absence of a fully developed strategy, including continuous integration, continuous delivery, and continuous testing, indicate the need to expand and formalize the program's structure and resources to align with broader business goals.","To effectively elevate the organization's current mlops capabilities, it is imperative to expand the pilot program by increasing the number of dedicated full-time personnel, ensuring adequate resources and expertise are available to support the scaling of mlops practices. Establishing a clear vision statement will guide the strategic direction and integration of mlops within the broader organizational goals. Simultaneously, developing a comprehensive strategy that includes the implementation of continuous integration (ci), continuous delivery (cd), and continuous testing (ct) will streamline operations and enhance efficiency. Formalizing policies and lifecycle management will ensure consistency and control throughout the machine learning model lifecycle. Additionally, setting up a feature store repository will facilitate better data management and accessibility, while selecting and implementing a robust source code repository will secure and streamline code management processes. These steps will collectively foster a structured and efficient mlops environment, aligning with the organization's strategic objectives and enhancing overall operational maturity."
Data,Reporting & Analytics,1,"The alignment between the criteria and the text is **weak**. The criteria describe a scenario where cloud performance analysis is ad hoc, with no consistent data source or comprehensive reporting across the organization, and data is underutilized in decision-making. In contrast, the text suggests a more structured approach to performance analysis that is adaptable to different platforms and acknowledges the importance of tailored analysis for cloud environments. This indicates a discrepancy in how organized and strategic the performance analysis practices are portrayed in the text versus the criteria.",0.0,0.62,"The current foundational approach to performance analysis, while robust in its adaptability across various platforms, could benefit from a more structured integration with regulatory compliance frameworks and data management practices that are aligned with specific privacy and sustainability regulations.","To effectively bridge the gap between the current foundational performance analysis practices and the broader compliance and data management requirements of level 2, the organization should initiate the establishment of a dedicated privacy office and potentially a sustainability office. These offices would oversee the development and enforcement of data segregation policies tailored to specific use-cases and privacy regulations, ensuring that legal teams are actively engaged in identifying and interpreting relevant laws. Concurrently, the implementation of data tagging and geolocation discovery processes will facilitate precise data management and support efforts to achieve 80% compliance through thorough data discovery. This strategic alignment not only enhances regulatory adherence but also fortifies the organization's capacity to manage and protect data across diverse platforms and cloud environments, thereby supporting scalable and sustainable business operations."
Data,"Streaming,  Predictive & Prescriptive Analytics",1,"The alignment between the criteria and the text is **moderate**. The text indicates an initial vision and strategy for analytics needs, focusing on predictive and prescriptive analytics, which aligns with the criteria of having an initial vision and strategy. However, the text lacks specific details on defined objectives, use cases, and documentation of business cases with tco/roi support, which are crucial elements in the criteria. Additionally, there is no mention of cross-functional team involvement or standard development, which are also important aspects of the criteria. Thus, while there is some alignment in terms of vision and strategy, many detailed and structural elements of the criteria are not clearly addressed in the text.",0.5,0.62,"The organization is currently in the preliminary stages of enhancing its data analytics capabilities, with a focus on predictive and prescriptive analytics. However, the absence of a documented ai data analytics vision and strategy, alongside undefined processes for data quality management, could be pivotal in shaping the future scalability and effectiveness of their analytics practice.","To effectively bridge the current capabilities with the desired analytics maturity, the organization should initiate a structured enhancement of its data management framework by first standardizing data collection and processing methods to ensure high-quality, reliable data, which is fundamental for advanced analytics. Concurrently, developing a comprehensive ai and data analytics vision will provide a clear direction and focus for scaling analytics operations. This vision should include detailed roadmaps for the adoption of real-time data streaming technologies and the development of statistical learning algorithms, which are crucial for implementing predictive and prescriptive analytics. Additionally, investing in training programs for existing staff and potentially expanding the analytics team will build the necessary skill sets to leverage new technologies and methodologies. Emphasizing the documentation of all analytics processes will not only streamline operations but also facilitate easier monitoring and adjustments as needed, ensuring that the analytics practice can adapt and evolve in alignment with strategic business goals."
People,Change Communications,1,"The alignment between the criteria and the text is **moderate**. The text provides a clear outline of the annual vision and strategy, particularly emphasizing digital transformation and its importance in the context of bank operations. This aligns with the criteria's requirement for high-level information about change vision, strategy, and planning. Additionally, the text mentions the role of a specific committee led by the general manager in communicating and aligning digital strategies, which suggests some level of initial engagement of a leadership or communications team. However, the alignment is not strong because the text does not explicitly mention the engagement of a dedicated communications team, nor does it detail the frequency or extent of company-wide communication about these changes. Furthermore, the text implies that the information shared might be limited to certain leadership groups rather than widely across the organization, which only partially meets the criteria related to broader awareness and communication frequency.",1.0,0.47,"The current approach at the industry conference, while setting a general direction for bank operations, particularly in digital-related developments, lacks a detailed strategy and a comprehensive communication plan that ensures all employees are consistently informed and engaged with the bank's digital transformation goals.","To effectively elevate the bank's approach to digital transformation, it is essential to integrate a comprehensive communication plan that involves regular updates and feedback mechanisms across all levels of the organization. By establishing a structured alignment with the communications team, the bank can ensure that the digital transformation vision and strategy are clearly articulated and disseminated throughout the organization, fostering a unified understanding and commitment. This alignment should also include the development of basic mechanisms for tracking employee awareness and acceptance, which will provide valuable insights into the effectiveness of the communication strategy and allow for timely adjustments. Additionally, by involving department heads in these processes, the bank can enhance the integration of digital priorities into departmental objectives, ensuring that the digital transformation is not only a top-down initiative but is also embraced and driven at the departmental level. This strategic approach will not only promote a more digitally-centric operational culture but also support the bank in achieving a more mature and cohesive digital transformation strategy."
People,Collaboration,1,"The alignment between the criteria and the text is weak. The criteria emphasize a structured, narrowly focused, and traditional approach with limited cross-organizational cooperation and a basic level of collaboration skills. In contrast, the text suggests a dynamic and evolving environment that values community input, embraces new technologies like cloud computing, and recognizes the need for change and adaptation. This indicates a more open and flexible approach rather than the rigid and traditional structure outlined in the criteria.",0.0,0.37,"The current state of services, described as outdated, highlights the evolving need to modernize and integrate more advanced digital capabilities and cloud technology to keep pace with the rapidly changing environment.","To address the identified gaps in collaboration and outdated services while aligning with the desired organizational enhancements, it is essential to implement a centralized digital transformation framework that leverages cloud technology to foster cross-functional teamwork and streamline processes. This framework should include the establishment of regular training sessions that span multiple departments, promoting a culture of continuous learning and adaptability to change. Additionally, instituting a structured annual planning process that involves all teams will ensure that joint improvement initiatives are strategically aligned and effectively executed. Encouraging career development through inter-team transfers can also enhance knowledge sharing and innovation, thereby strengthening the organization's digital capabilities and responsiveness to the evolving business environment. This approach will not only modernize existing services but also cultivate a supportive community that is well-equipped to contribute to and thrive in a rapidly changing landscape."
People,"Diversity, Equity, and Inclusion (DEI)",1,"The alignment between the provided criteria and the text is **weak**. The text primarily discusses performance appraisals, training, and feedback mechanisms within a company, with a brief mention of diversity, equity, and inclusion (dei) in management practices. However, it lacks detailed information on a comprehensive esg strategy, active participation of it leadership, development of a diversity and inclusion program, and other specific criteria such as communication plan development, establishment of baselines and benchmarks, and polling vendors for dei policies. The text does not address many of the criteria directly, such as the role of it leadership, common vision definition, or the establishment of specific initiatives and consultation with stakeholders.",0.0,0.32,"The current approach to employee performance management and training at tcb, while inclusive and responsive, lacks a structured and quantifiable system for tracking and analyzing the effectiveness of training programs and the real-time performance of employees, which is crucial for enhancing strategic decision-making and operational efficiency.","To effectively address the current gaps in the performance management and dei (diversity, equity, and inclusion) practices at tcb, it is essential to integrate a more structured and quantifiable approach to employee development and feedback mechanisms. Establishing a centralized personnel inventory system will enable better tracking of employee skills, training needs, and performance metrics, thus facilitating targeted development programs. Simultaneously, implementing a standardized dei policy, overseen by a newly formed dei committee with representation from each c-suite office, will ensure that dei principles are uniformly integrated into all business practices and decision-making processes. This approach should be complemented by a comprehensive dei roadmap and an employee awareness communication program to enhance understanding and engagement across the organization. Additionally, adopting a public disclosure reporting process for dei will not only promote transparency but also hold the organization accountable to its dei objectives, thereby fostering a more inclusive and equitable workplace culture."
People,Employee Engagement,1,"The alignment between the criteria and the text is **moderate**. The text addresses several of the criteria directly, such as ""timely completion of tasks"" through the mention of performance evaluations and task completion mechanisms, and ""fixed work structures (location and schedule)"" through the discussion of working hours and breaks. Additionally, ""employee well-being viewed as a private matter"" and ""ad hoc employee satisfaction reviews"" are somewhat addressed with the implementation of employee satisfaction surveys and the publication of welfare policies. However, there is less information on ""sufficient skills for job performance,"" ""employee as a resource for task completion,"" and ""personal development seen as attrition risk,"" which suggests that while some criteria are well-aligned, others are not covered, leading to a moderate overall alignment.",0.5,0.47,"Tcb's current approach to employee engagement and performance evaluation, which primarily assesses routine tasks and overall operational efficiency at the branch level, contrasts with practices at other banks that categorize performance into more detailed metrics such as sales/cost and operational/task metrics. This method, while unique, does not yet incorporate a structured recognition system for overachievement of individual targets or a comprehensive focus on employee satisfaction that includes flexibility in work schedules and well-being initiatives.","To enhance the current personnel management system at tcb, integrating a more structured performance evaluation framework that categorizes metrics into sales/cost and operational/task dimensions could significantly improve clarity and focus in employee assessments. Additionally, adopting flexible work schedules and initiating a limited bring your own device (byod) policy would not only align with modern work practices but also boost employee satisfaction and productivity. Introducing initial diversity and well-being initiatives, along with recognition programs for overachievement, could foster a more inclusive and motivating workplace environment. These changes would naturally lead to a more engaged workforce, potentially increasing the overall operational efficiency and satisfaction levels across the branches, thereby subtly shifting the organizational culture towards embracing broader diversity and inclusion principles."
People,Leadership,1,"The alignment between the provided criteria and the text is **moderate**. The text discusses various aspects of management processes, including planning, goal setting, performance evaluation, and the use of rewards and punishments, which aligns with several of the criteria such as task delegation and understanding, regular result checking, and reviewing leadership implementation. However, the text lacks explicit mention of communication strategies between managers and teams for seamless workflow, and the identification of training needs by managers, which are crucial elements of the criteria. Thus, while there is some alignment on managerial and leadership practices, gaps in communication and training aspects prevent a strong alignment.",1.0,0.49,"The current approach at the headquarters, which incorporates both measurable and abstract elements such as compliance and audits into operational goals, could benefit from enhanced clarity and uniformity in performance assessment methods across different units to align more closely with the structured and quantifiable evaluation processes used at the branch level.","To enhance the organizational maturity and foster a more integrated and responsive business environment, it is essential to streamline and standardize the performance management processes across both the branches and the headquarters. This can be achieved by implementing a unified framework that incorporates clear, quantifiable performance metrics alongside qualitative assessments such as compliance and audits. By doing so, all units will have a consistent understanding of their responsibilities and the criteria for success, which will promote greater accountability and ownership of outcomes. Additionally, introducing regular cross-departmental meetings will facilitate open communication, allowing for real-time feedback and adjustments, thereby ensuring that leadership styles and team roles are continuously aligned with evolving business needs and team dynamics. This approach not only supports strategic alignment and operational efficiency but also enhances team cohesion and individual empowerment across the organization."
People,Organizational Change Strategy and Planning,1,"The alignment between the criteria and the text is **moderate**. The text indicates that the digital development committee, which handles changes like cloud transformation, operates with flexibility and seeks external resources, aligning with the criteria that change tasks are assigned to individuals in addition to their regular job responsibilities and that activities supporting the change are planned on an ad-hoc basis. However, the text does not provide clear evidence that key stakeholders fully understand the changes and their impacts, nor does it mention how the organization has identified high-level risks associated with the changes, which suggests only partial alignment with the provided criteria.",0.5,0.49,"The digital development committee, currently functioning as a virtual team, juggles its regular responsibilities alongside temporary assignments such as cloud transformation, often necessitating the engagement of external resources to adapt to regulatory changes. This scenario highlights the committee's need to enhance its change management capabilities by possibly establishing a more structured and dedicated approach to handling such transformations.","In the context of the digital development committee's current operations, where the adaptation to regulatory changes, particularly in cloud adoption, is managed alongside other daily tasks, it is crucial to enhance the organizational structure and processes to better support change initiatives. By establishing a dedicated change management team, the committee can ensure that there is a clear understanding of the nature and extent of each change, fostering a sense of urgency and identifying potential resistance and risks early in the process. This team should also be responsible for developing a structured organizational change management (ocm) strategy and a comprehensive communications plan that leverages various channels to effectively reach all relevant stakeholders. Furthermore, appointing and training recognized change agents within different silos will facilitate smoother transitions and more cohesive integration across departments. These agents will play a key role in addressing questions and concerns, thereby investing necessary time in dialogue that reinforces the change objectives. This strategic realignment allows the committee to operate more effectively by focusing on critical change management activities without the distraction of other operational responsibilities, ensuring that external resources are utilized judically and enhancing overall responsiveness to regulatory changes."
People,People Communications,1,"The alignment between the provided criteria and the text is **weak**. The text primarily discusses training and development practices within an organization, focusing on induction and skill enhancement for new and promoted employees, as well as project-based training. However, it does not address several key aspects mentioned in the criteria such as initial people and organization-related communication, an enterprise-level communications plan, the role of an executive sponsor, the formation or function of a communications team, or hr engagement in a broader strategic context. The mention of hr's limited role suggests some alignment with hr engagement, but it lacks depth regarding hr's strategic integration or influence on business unit priorities. Thus, the text does not sufficiently cover the criteria outlined, leading to a weak alignment assessment.",0.0,0.32,"The current training framework, while addressing immediate needs through project-based and role-specific sessions, lacks a structured approach to future skill development and a comprehensive career progression plan, which could be better integrated with regular hr processes and strategic communication efforts to enhance overall organizational growth and adaptability.","To effectively bridge the current training and development gaps while enhancing organizational communication and alignment, the company should implement a structured, ongoing training framework that integrates with a clearly defined career progression roadmap. This framework would involve hr more actively in the planning and execution phases, ensuring that training is not only reactive but also proactive, focusing on future skills anticipated to be crucial for the company's growth. By establishing regular communication channels between hr, the communications team, and other departments, the company can ensure that all employees are consistently informed about training opportunities and organizational developments. Additionally, the introduction of basic tracking mechanisms for employee awareness and acceptance of these communications will enable the company to measure the effectiveness of its initiatives and make necessary adjustments. This approach will not only address current deficiencies but also foster a culture of continuous development and alignment with organizational goals."
People,People Development,1,"The alignment between the provided criteria and the text is **moderate**. The text discusses the organization's approach to manpower planning, recruitment based on technological advancements (like ai), and hr's role in identifying skills gaps for digital transformation. This aligns with the criteria related to ""modern digital learning plans"" and ""learning and development opportunities."" however, there is limited information on ""discussion with managers,"" ""ad hoc resources,"" and ""licensing available to employees,"" which weakens the overall alignment. The text primarily focuses on recruitment and manpower planning rather than a comprehensive discussion on learning resources and managerial engagement in learning strategies.",0.5,0.44,"The current process of manpower assessment and recruitment within the organization primarily focuses on immediate needs based on departmental reports of skill shortages, without a formalized system linking these needs to broader organizational goals or integrating skill development into ongoing performance management frameworks.","To effectively elevate the organization's capability in aligning manpower with strategic goals, it is imperative to integrate skill development into the core operational framework. By embedding formal learning strategies within performance reviews, employees' growth trajectories can be directly correlated with organizational objectives, ensuring a dual benefit of individual advancement and corporate success. Establishing a formal learning and management system will not only streamline the identification and closure of skills gaps but also foster a proactive culture of continuous improvement and innovation. This approach will necessitate a robust collaboration between hr and departmental heads to ensure that the skill enhancements are meticulously mapped to the evolving technological needs and business goals, thereby optimizing workforce agility and readiness in a dynamic market environment."
People,People Vision and Goals,1,"The alignment between the provided criteria and text is **moderate**. The text demonstrates some structured approaches to training and development, such as department-driven training plans that focus on strategic needs and the involvement of hr in discussing training plans, which aligns with developing enablement plans and documenting goals for people strategy and planning. However, the text also suggests that training assignments are controlled by supervisors rather than initiated by individual employees, which could indicate a lack of comprehensive, organization-wide enablement plans and possibly reflects pockets of the organization preparing long-term visions/goals independently. This scenario partially aligns with the criteria describing ad hoc and sporadic enablement plans and limited alignment between company goals and staffing/skill capacity planning.",0.5,0.35,"The current training approach within the organization, while strategically aligned with departmental and technological goals, primarily involves supervisors assigning courses to employees rather than employees selecting based on individual learning needs or career aspirations. This method may not fully harness the potential for personal development and alignment with broader organizational objectives that could be realized through a more individual-centric training model.","To effectively elevate the organization's maturity in aligning company goals with skill and staffing needs, it is essential to integrate a more holistic and cross-functional approach to training and development. Currently, training initiatives such as esg and cloud-related programs are managed by individual departments, which may not fully capitalize on interdepartmental strengths and broader organizational objectives. By establishing a standardized gap assessment that encompasses various technologies and operational areas, the organization can better identify skill deficiencies and development opportunities across functions. This approach should be complemented by a unified enablement plan that not only addresses immediate departmental needs but also aligns with the long-term strategic goals of the company. Furthermore, enhancing the existing employee satisfaction surveys to include feedback on training effectiveness and relevance will provide valuable insights into the alignment of training programs with employee and organizational growth objectives. This holistic strategy will foster a more adaptable and skilled workforce, poised to meet current and future challenges."
People,Policy,1,"The alignment between the criteria and the text is **moderate**. The text discusses the ongoing development of policies by the banking association of taiwan, focusing on risk evaluation, ownership, and control measures, which aligns with the criteria's emphasis on documented evolving business risks and tolerance for risk. Additionally, the text mentions a data governance project that categorizes applications based on criticality, which aligns with the criteria's requirement for data classification and review of existing policy. However, the text lacks specific details on policy definition for critical areas of cloud management & operations such as cloud cost & financial management, cloud security, cloud identity and access management, and cloud performance management & resource, which are essential components of the criteria. This gap indicates that while there is some alignment in terms of risk management and data governance, the alignment is not comprehensive across all specified areas of cloud policy and management.",0.5,0.71,"The organization's current approach to risk management and governance, while foundational, has yet to fully integrate and specify responsibilities across different stages of application development, release, and operations, which is crucial for advancing to the next level of maturity in handling cloud adoption and ai model implementation.","To effectively elevate the organization's maturity in managing cloud adoption and associated risks, it is crucial to integrate the forthcoming policies from the banking association of taiwan with an enhanced internal framework that addresses the identified gaps in risk management, skill capacity, and resource allocation. By establishing a clear delineation of responsibilities for risk ownership and control measures within the data governance framework, the bank can ensure accountability and enhance decision-making processes. Simultaneously, developing a comprehensive skill capacity plan that includes modern digital skillsets, job shadowing opportunities, and provisions for seasonal resource needs will not only support the bank's operational demands but also fortify its strategic objectives. This approach should be complemented by a robust mechanism for measuring, analyzing, and planning staff utilization to optimize workforce efficiency and maintain service quality, thereby aligning the bank's operational practices with its strategic goals in cloud and ai technology adoption."
People,Stakeholder Engagement,1,"The alignment between the criteria and the text provided is **moderate**. The text indicates that some initial steps have been taken to identify key stakeholders and establish an executive steering committee, which aligns with the criteria of identifying initial key stakeholders and executive steering committee members. However, the text also reveals gaps in fully identifying all stakeholders, the exact number of people involved, and specific roles, which are essential for a comprehensive stakeholder map and for engaging all functional areas effectively. Additionally, while the text mentions the recognition of the importance of both internal and external change agents, it lacks detail on the establishment of a cloud adoption working group and does not explicitly mention the acknowledgment of blockers to cloud adoption. Thus, while there is some alignment in recognizing and beginning to organize key groups and leaders, the detailed planning and broader engagement required by the criteria are not yet fully evident in the text provided.",0.5,0.74,"The organization has established a digital transformation development committee with a clear direction for cloud initiatives and recognizes the importance of both internal and external change agents. However, the precise identification and analysis of all relevant stakeholders, including their specific roles and the impact they will have on the transformation process, remain undefined as the organization awaits further external guidelines.","To effectively elevate the organization's approach to cloud transformation, it is essential to centralize and formalize the roles of change agents and ambassadors through a structured training and coordination program, ensuring these pivotal figures are well-equipped to advocate and facilitate change across all levels. Concurrently, a comprehensive stakeholder analysis should be conducted to meticulously identify and describe all relevant stakeholders, categorizing them based on their influence and interest in the cloud transformation project. This analysis will inform the development of a tailored stakeholder management plan that includes clear communication and engagement strategies, ensuring stakeholders are continuously informed and actively involved in the transformation process. Additionally, appointing a dedicated transformation sponsor who has a broad and inclusive understanding of all target groups will solidify leadership commitment and provide a consistent point of accountability for driving the initiative forward. This strategic alignment and structured approach will harness the collective efforts and insights of all parties involved, fostering a cohesive and supportive environment for the cloud transformation."
Strategy & Governance,Account & Subscription Structure,1,"The alignment between the provided criteria and the text is **moderate**. The text discusses issues related to cost-tracking and the lack of a centralized strategy for managing costs post-development, which aligns with the criteria highlighting no centralized strategy and cost-tracking concerns. However, the text does not explicitly address many specific elements such as policy enforcement, management controls, and the organizational structure of account/subscription management, which are central to the criteria. This partial coverage of the criteria points to a moderate alignment, as the text touches on some aspects but leaves others unaddressed.",0.5,0.29,"The current process reveals a blurred line between it and business unit costs, which complicates the assessment of resource adequacy and budget management post-initial development. This situation underscores the need for a more structured approach to cost allocation and tracking across different departments.","To address the challenges identified in the current cost management and tracking system between it and business units (bus), the organization should implement a decentralized cost-tracking and budget management framework. This framework would involve establishing clear policies and procedures for each bu to maintain oversight of their initial and ongoing expenses related to it services and applications. By adopting a distributed management approach, where each bu is responsible for their costs post-development, the organization can enhance transparency and accountability. This shift will also facilitate compliance with internal financial controls and external regulations by ensuring that all costs are accurately recorded and allocated to the appropriate accounts. Additionally, integrating a structured account and subscription organization system will streamline the process of managing and tracking these expenses across different bus, thereby improving operational efficiency and resource allocation within the organization."
Strategy & Governance,Architecture Management,1,"The alignment between the criteria and the text is **moderate**. The text describes a collaborative, consensus-based approach to it architectural decisions, which aligns with the criteria's emphasis on federated decision-making and reliance on subject matter experts within technology pillars. However, the text also indicates a lack of a formal federated structure or defined roles such as a central architect or architecture department, which diverges from the criteria's requirement for defined technical leads and management escalation. This suggests that while the organization operates in a spirit similar to the federated approach, it lacks some structural elements outlined in the criteria.",0.5,0.54,"The narrative reveals that while the it architecture decisions within the organization are reached through a collaborative process involving various specialized it teams, there is an absence of a unified enterprise architecture team or a documented architecture management practice that could streamline and oversee these decisions to ensure alignment with a strategic architectural vision and roadmap.","To elevate the organization's architecture management practices, it is essential to establish a centralized enterprise architecture team that includes architects, business analysts, relationship managers, and product owners. This team should be tasked with documenting the current architecture and developing a comprehensive model for the target architecture at all levels. By doing so, the organization can ensure that all architectural decisions are aligned with a unified vision and strategy, effectively addressing any constraints and misalignments. Additionally, the creation of a high-level architecture roadmap will facilitate a structured and strategic approach to future developments, enabling a more cohesive and efficient decision-making process across various it and business units. This structured approach will not only streamline architectural processes but also enhance the overall agility and responsiveness of the organization to technological advancements and market changes."
Strategy & Governance,Business Case,1,"The alignment between the criteria and the text is **strong**. The text clearly outlines a scenario where there is a lack of structured financial planning and business case analysis, which aligns closely with the criteria highlighting poor decision-making and planning processes, and a lack of awareness of the value of business case analysis. The text mentions the absence of financial and business planning improvements, difficulties in estimating costs, and inefficiencies due to unclear financial justification, which directly corresponds to the criteria's emphasis on the absence of financial justification or cost-benefit analysis in decision-making processes.",1.0,0.55,"The narrative reveals that while there are ongoing efforts to unify system architecture and improve long-term financial forecasting, the organization still faces significant challenges in accurately estimating and managing internal operational and human resource costs associated with it projects, which affects overall efficiency and resource utilization.","To effectively address the challenges identified in the level 1 assessment and align with the criteria for level 2 maturity, the organization should implement a comprehensive business case competency framework across all units. This framework would include standardized methodologies for financial and operational cost estimation, resource needs, and risk assessment. By integrating training programs focused on these areas, and adopting advanced financial planning tools, the organization can enhance decision-making processes. This approach ensures that all decisions are based on detailed business cases that evaluate total cost, value, and risk reduction. Additionally, establishing a centralized database for tracking and analyzing the performance metrics such as gross profit or contribution margin by product, product line, or service offering will enable more informed strategic planning and resource allocation, thereby minimizing inefficient expenditure and optimizing the utilization of it and human resources."
Strategy & Governance,Chargeback & Showback,1,"The alignment between the criteria and the text is **weak**. The text indicates that the organization currently lacks detailed cost tracking, chargeback, or showback mechanisms, and struggles with granular cost allocation, which are essential elements mentioned in the criteria such as tco calculations based on actual usage, frequent communication of cost drivers, and setting the foundation for cost allocation and transparency. The absence of these mechanisms and strategies in the text demonstrates a significant misalignment with the criteria that emphasize detailed and transparent cost management and accountability.",0.0,0.47,"The narrative reveals that the organization's current financial management practices do not include detailed tracking or reporting of costs per business unit, which is essential for enhancing transparency and accountability in cost distribution as cloud service usage increases.","To address the current challenges in cost management and transparency within the organization, it is essential to implement a structured showback system. This system would involve the development of an automated reporting framework that captures detailed service costs and allocates them to respective business units. By leveraging technology to track and report costs in real-time through dashboards and detailed reports, the organization can enhance awareness among business units about their consumption patterns and associated costs. This transparency will not only facilitate better financial planning and operational efficiency but also encourage business units to become more cost-conscious, potentially leading to optimized resource usage and cost savings. Additionally, establishing a clear inventory of assets and mandates linked to specific projects will support more accurate and granular tracking of expenditures, further refining the financial operations and aligning with the organizational growth in cloud service utilization."
Strategy & Governance,Communications Strategy,1,"The alignment between the criteria and the text provided can be assessed as moderate. The text indicates that the organization has initiated some level of communication strategy focusing on internal stakeholders and executive involvement, which aligns with several of the criteria such as initiation of communications strategy development, coordination and commitment between tbo and communications teams, and targeting change agents and critical staff for initial communications. However, the text also reveals gaps in establishing a broader communications strategy and external communications, which are crucial elements of the criteria listed. This partial alignment suggests that while the organization has made progress in some areas, significant work remains to fully meet the comprehensive criteria outlined.",0.5,0.58,"The current communication strategy primarily emphasizes internal stakeholder engagement and executive oversight, with regular updates and training sessions focused on cloud adoption. However, the approach to external stakeholder engagement, particularly in informing customers and vendors about the cloud adoption process, remains less defined and is not yet integrated into broader communication channels or marketing efforts.","To effectively elevate the organization's communication strategy in line with its cloud adoption initiatives, it is essential to develop a comprehensive stakeholder map that includes not only internal stakeholders like employees and executives but also external parties such as customers and vendors. This map should guide the creation of a detailed communication plan that encompasses various channels such as town halls, email campaigns, and internal social media platforms, ensuring that messages are tailored to the needs and interests of each stakeholder group. By involving the executive steering committee, executive sponsor, other executives, and functional area leads in the planning and execution phases, the organization can ensure that the communication strategy is fully aligned with the cloud vision, strategy, and objectives. Additionally, initiating communication early in the process, even before the full details of the cloud strategy are finalized, will help in managing stakeholder expectations and building trust, thereby facilitating a smoother transition and broader acceptance of the cloud adoption process."
Strategy & Governance,Compliance,1,"The alignment between the provided criteria and the text is **moderate**. The text indicates that the organization has some existing policies related to outsourcing and vendor management, which aligns with the criteria of having comprehensive policies and standards. However, the text also shows that specific cloud-related policies and ownership models are still under development and are reactive to upcoming regulations, indicating that the implementation procedures and a fully established ownership model are not yet in place. This partial alignment suggests that while there is some groundwork, the organization's policy framework, particularly for cloud compliance, is not fully developed or proactive, leading to a moderate alignment assessment.",0.5,0.56,"The narrative reveals that while the organization has established general security guidelines and vendor management policies, these have not yet been tailored to address the specific challenges and requirements of cloud services, reflecting a need for more detailed and cloud-specific compliance frameworks as regulatory clarity emerges.","To effectively bridge the current compliance and security gaps in cloud adoption and align with evolving regulatory standards, the organization should proactively develop and implement a detailed cloud-specific compliance framework. This framework should include clearly defined policies and procedures that are tailored to the unique challenges of cloud computing, ensuring they are integrated within the cloud service provider's (csp) operational structure. Additionally, establishing a robust system for monitoring and logging violations is crucial. This system should incorporate both automated and manual countermeasures to address infractions efficiently, while also facilitating root cause analysis. By enriching the exception process through the analysis of use cases and repetition patterns observed on the platform, the organization can enhance its response strategies and provide targeted training and education to mitigate the risk of repeat violations. This proactive approach not only prepares the organization for forthcoming regulations but also fortifies its compliance posture in the dynamic landscape of cloud services."
Strategy & Governance,Environments,1,"The alignment between the criteria and the text is **weak**. The text describes a scenario where there are standardized processes for system development and design, consistent practices across different environments, and a focus on aligning processes and environments to support effective development and deployment. This contrasts sharply with the criteria which emphasize an undefined environment structure, lack of common taxonomy, inconsistent adoption of standard definitions, minimal enforcement of security policies, and minimal organization for data and applications. The text suggests a more structured and standardized approach than what the criteria describe, indicating a weak alignment.",0.0,0.55,"The narrative reveals that while the organization has established a standardized release process and consistent practices across development, testing, and production environments, the variation in automation and technology between these environments, particularly the limited automation in production compared to development, subtly underscores the need for a more unified approach to infrastructure automation to enhance efficiency and alignment with level 2 maturity criteria.","To effectively elevate the organization's operational maturity, a strategic focus should be placed on enhancing the alignment and standardization of development, testing, and production environments. This can be achieved by expanding the use of infrastructure automation tools like tfs across all stages, not just development, to ensure consistency and efficiency in the deployment processes. Additionally, fostering a deeper understanding and adoption of devops practices across all teams will facilitate smoother inter-stage communication and integration, crucial for agile responses to market demands. Implementing a robust tracking system to monitor adherence to the standardized environment models and security policies will further solidify this alignment, ensuring that all segments of the organization uniformly embrace these critical elements. This approach not only streamulates the code deployment cycle but also fortifies the infrastructure against potential security vulnerabilities, thereby enhancing overall operational resilience and agility."
Strategy & Governance,Executive Alignment,1,"The alignment between the criteria and the text can be assessed as **moderate**. The text indicates that the organization is in the early stages of developing its communication strategies and executive alignment regarding cloud adoption, which aligns with the criteria emphasizing the need for a communications strategy and executive alignment around strategy, objectives, and investments. However, the text does not provide detailed information on bi-directional understanding between business and it, nor does it mention specific quarterly communication plans or how planned activities are tied to enterprise goals, which are critical elements of the criteria. Thus, while there is some alignment on general themes of communication and executive alignment, the lack of detail on other specific criteria points results in only a moderate overall alignment.",0.5,0.6,"The organization has begun to establish communication strategies to align executives with cloud adoption, highlighting the importance of enhancing these strategies to ensure that leadership fully understands and supports the transition in terms of strategic planning and governance as per the criteria for level 2 maturity.","To effectively bridge the gaps identified in the level 1 assessment and align with the broader criteria necessary for enhanced maturity, the organization should implement a structured, iterative framework for cloud adoption that includes detailed strategic planning processes, both at the business and it levels. This framework should incorporate regular, structured communication and alignment sessions with executives to ensure ongoing leadership support and clear understanding of cloud adoption objectives. Additionally, establishing a dedicated cloud governance team would be instrumental in overseeing the adoption process, ensuring that the cloud operating model is integrated with the business's usual operations and it strategies. This team should also be responsible for the continuous monitoring and reporting of cloud-related metrics to the board of directors, which will aid in maintaining transparency and accountability in cloud expenditures and operational efficiencies, thereby fostering a culture of continuous improvement and alignment with strategic business goals."
Strategy & Governance,Kpis & Metrics,1,"The alignment between the criteria and the text can be assessed as moderate. The text clearly acknowledges the importance of developing strategic kpis that align with organizational goals for cloud adoption, which aligns with the criteria's emphasis on defining kpis and metrics aligned to strategic cloud objectives. However, the text also indicates that the organization is still in the early stages of understanding and defining these kpis, suggesting that while there is alignment in intent and strategic direction, the practical implementation and detailed mapping of critical cloud processes to new/emerging kpis, as well as the establishment of a repeatable process for defining kpis and capturing data, are not yet fully developed. This shows a moderate alignment because the organization recognizes the need and is working towards it, but has not yet fully established the structures and processes that the criteria emphasize.",0.5,0.74,"The narrative reveals that while the organization has initiated discussions on the importance of strategic kpis aligned with cloud adoption goals, there remains a foundational need to enhance the sophistication and breadth of these kpis to encapsulate not only it metrics but also broader business impacts, ensuring that these metrics can effectively support executive decision-making and demonstrate the full spectrum of cloud adoption benefits.","To effectively bridge the current gaps in strategic kpi development and align with enhanced maturity metrics, the organization should initiate a comprehensive kpi framework that integrates both it-specific and business-oriented metrics, focusing on the broader impacts of cloud adoption. This framework should include the creation of detailed dashboards and reports that not only track traditional it metrics such as uptime and response times but also encompass business value indicators like cost reduction, security enhancements, and operational efficiency. Additionally, incorporating advanced metrics such as environmental, social, and governance (esg) considerations, customer effort scores, and basic unit-economics will provide a holistic view of cloud performance. This approach should be supported by improving data quality through robust data governance practices, ensuring that the data used to measure these kpis is accurate and timely, thereby enabling more informed decision-making and strategic alignment across the organization. This structured yet flexible kpi system will facilitate clearer communication with stakeholders and executives, demonstrating the tangible benefits of cloud adoption and supporting strategic objectives."
Strategy & Governance,License & Subscription Management,1,"The alignment between the criteria and the text is **weak**. The criteria emphasize a highly customized, manual, and centralized approach to contract negotiation and management, focusing on large, unique commitments and specific service level agreements and objectives. In contrast, the text describes a standardized, regulatory-driven approach to contract structuring and negotiation for cloud services, where a banking association provides a standard template to ensure compliance and efficiency. This suggests a more uniform and possibly less flexible approach than the criteria imply, with a focus on regulatory compliance rather than the detailed, ad hoc contract structures and manual feedback loops mentioned in the criteria.",0.0,0.46,"Taiwan cooperative bank is currently poised to adopt the forthcoming standard templates and processes from the banking association of taiwan, which will enhance their cloud service procurement and management. However, the integration of specific service quality outcome measures and critical, controllable security measures into their slas, slos, and slis remains pending, which is crucial for advancing to level 2 maturity.","To effectively elevate their cloud service management processes, taiwan cooperative bank should integrate the forthcoming standard contract templates from the banking association of taiwan with a robust framework that includes specific service level agreements (slas), service level objectives (slos), and service level indicators (slis) that are meticulously aligned with application service requirements and critical security measures. This integration should also encompass the development of an api-enabled service reporting system to facilitate real-time dashboard integration, ensuring transparency and ease of monitoring. Additionally, incorporating mandatory third-party audits for security, compliance, and regulatory adherence into the slas will not only ensure that the cloud services meet the stringent requirements set forth by regulatory bodies but also enhance trust and reliability among stakeholders. By embedding these elements into their cloud procurement and management strategy, the bank will not only comply with regulatory expectations but also achieve a structured, secure, and efficient cloud service framework."
Strategy & Governance,Regulatory Compliance,1,"The alignment between the provided criteria and the text is **moderate**. The text confirms awareness of data compliance requirements and mentions the communication of privacy policies, which aligns with the criteria's requirement for a prepared privacy policy and breach notification process. However, the text does not specifically address the focus on the gram leach bliley act (glba), data sovereignty, or the fact that the company operates in one country with all customers from that same country. Additionally, there is no mention of the specific regulations listed in the criteria such as eu gdpr or california cpa. Thus, while there is some alignment on general data compliance and privacy policy communication, the text lacks specific details on several key aspects of the criteria.",0.5,0.45,"The current approach to communicating privacy policies primarily through traditional methods such as mail and email, while compliant with fcc mandates, does not fully leverage advanced digital platforms and integrated policy management systems that could enhance clarity, reach, and engagement with customers.","To effectively bridge the gap between current practices and enhanced maturity, the organization should initiate a comprehensive review and update of its existing data compliance frameworks to align with the stringent requirements of level 2 maturity. This involves the establishment of a robust cloud policy that includes clear triggers for policy violations and corresponding countermeasures, which should be fully integrated into the csp platform. Additionally, the implementation of a naming and tagging policy that supports data classification will ensure that all digital assets are consistently labeled, making them easier to manage and secure. Enhancing the management of subscriptions and licenses to reflect data classification standards will further reinforce compliance. To support these technical upgrades, it is crucial to finalize and broadly communicate esg policies across the organization, establishing a regular esg reporting cadence to maintain transparency and accountability. This strategic approach will not only meet regulatory demands but also foster a culture of compliance and data stewardship throughout the organization."
Strategy & Governance,Risk & Issue Management,1,"The alignment between the criteria and the text is **moderate**. The text indicates that the organization is in the early stages of defining a risk management strategy, which aligns with the criteria of being at the initial phases of risk management planning. However, the text also shows that the organization has not yet defined and documented draft standards, guidelines, or requirements, as it is waiting for industry standards to be established by regulatory authorities. This suggests that while there is some alignment in terms of early planning and governance orientation, the lack of documented drafts and specific policies indicates that the alignment is not yet strong. The proactive yet cautious approach to awaiting industry guidelines before finalizing their own documents shows alignment with the governance aspect but not with the complete documentation or detailed risk identification, analysis, and treatment processes.",1.0,0.5,"The organization currently awaits definitive guidelines from regulatory authorities before advancing their risk management strategy for cloud adoption, which underscores the need for enhancing proactive measures and internal capabilities to manage uncertainties in the interim.","To effectively elevate the organization's approach to cloud adoption and risk management, it is essential to initiate a comprehensive data quality program under the leadership of the technology business office (tbo). This initiative should focus on enhancing the accuracy and reliability of cloud performance data, which will support the development of advanced reporting and dashboard capabilities. Concurrently, addressing organizational barriers such as legacy cultural norms and inconsistent incentives is crucial. By fostering a culture that embraces change and aligns reward systems with desired outcomes, the organization can better support tbo's efforts. Additionally, formalizing information availability requirements will ensure that all stakeholders have timely access to critical data, facilitating informed decision-making and efficient risk management practices. This strategic approach will not only comply with upcoming regulatory guidelines but also position the organization to manage cloud-related risks more proactively and effectively."
Strategy & Governance,Skill Capacity Planning,1,"The alignment between the provided criteria and the text is **moderate**. The text discusses job rotation, leadership structure, and mechanisms for operational continuity, which aligns with the criteria related to succession plans, skill capacity needs identification, and temporary roles for short-term needs. However, the text does not explicitly address risk management, planning for digital skillset redundancy, or the specific planning for capacity in various areas, which are critical elements of the criteria. Thus, while there is some overlap in themes related to workforce management and continuity, the text does not comprehensively cover all the specified criteria.",0.5,0.17,"The current structure at headquarters, while supportive of seamless transitions and continuous project involvement, could benefit from the integration of a standardized taxonomy and methodology for risk rating to enhance the governance of risk management.","To effectively bridge the gap between the current operational framework and the desired standards of level 2 maturity, the organization should initiate the development and implementation of a comprehensive documentation and standardization process. This process would encompass the creation of a unified taxonomy and methodology for risk assessment, alongside a robust issue tracking system that operates on a single record of truth. Simultaneously, it is crucial to formalize a set of documented strategies, standards, guidelines, and requirements that are clearly communicated and accessible to all employees. Enhancing the existing employee incentive programs to encourage proactive identification and resolution of issues will cultivate a culture of accountability and continuous improvement. Additionally, integrating pervasive use of compensating controls and managing exceptions through well-defined governance structures will ensure that risk management practices are not only standardized but also ingrained in daily operations. This strategic approach will not only streamline processes but also fortify the organization's risk management framework, paving the way for sustained growth and resilience."
Strategy & Governance,Stakeholder Engagement,1,"The alignment between the provided criteria and the text is **moderate**. The text mentions the establishment of a digital transformation committee led by the general manager and department heads, which aligns with the criteria of having a transformation sponsor and change agents/ambassadors. However, while the text implies the involvement of key stakeholders by mentioning different associates and department heads, it does not explicitly detail their vested interests or influence on the project's outcome. Additionally, the text lacks specific mention of relevant target groups such as customers, employees, or shareholders, which weakens the overall alignment. Thus, while there is some correspondence with the criteria regarding leadership and internal influencers, the connection to key stakeholders' interests and the identification of relevant target groups are not sufficiently addressed.",0.5,0.51,"The current structure of the digital transformation committee, while led by high-level executives, reveals the necessity for a more integrated approach that enhances coordination and engagement among all key stakeholders, ensuring alignment across digital, it, and business strategies.","In the current scenario, where the digital development committee is spearheaded by the e-banking department under the leadership of the general manager and various department heads, it is crucial to enhance the integration and alignment of digital, it, and business strategies. Establishing a formal charter and a transformation business office (tbo) will provide a structured framework and dedicated oversight for digital initiatives. This structure should be supported by a robust engagement model that facilitates continuous feedback loops and coordination capabilities, ensuring that all key stakeholders are actively involved and that their roles are clearly defined and communicated. Additionally, adopting a cloud operating model will streamline operations and support scalability and flexibility in technology adoption. By focusing on these strategic areas, the organization can effectively manage its digital transformation efforts and ensure that they are in line with overarching business objectives."
Strategy & Governance,Standards,1,"The alignment between the criteria and the text is **weak**. The criteria emphasize the need for defined, approved, and operationalized policies, including specific policies like cloud security policy, cloud risk policy, and others. However, the text indicates that the organization has not yet operationalized or fully defined these policies as it has not moved to the cloud and is still in the preparatory phase. The organization is waiting for external guidance before finalizing its policies, which suggests that while there is awareness and intent to comply with necessary policies, actual policy implementation and compliance processes are not yet in place.",0.0,0.63,"The organization is currently in a preparatory phase, focusing on aligning future policies with governmental and industry directives for cloud adoption, yet the formalization and operationalization of these policies remain pending until more definitive regulatory guidelines are provided.","To effectively bridge the gap between the current preparatory phase and the desired operational maturity, the organization should initiate the development of an internal framework that outlines potential cloud adoption strategies and policy structures, even before final governmental and industry standards are fully established. This proactive approach would involve assembling a dedicated task force comprising it, legal, and compliance experts to draft preliminary cloud policies and standards based on existing best practices and anticipated regulatory trends. Simultaneously, the organization could begin small-scale pilot cloud projects to gain practical insights and identify potential technical and operational challenges. These initiatives would allow for the immediate application and refinement of the drafted policies and standards, ensuring a smoother transition to full compliance and operational readiness once official guidelines are released. This strategy would not only expedite the formalization and implementation of cloud policies but also enhance the organization's agility in adapting to new regulatory environments, thereby supporting continuous improvement in technology standards compliance, business continuity planning, and overall cloud governance."
Strategy & Governance,Strategy Management,1,"The alignment between the criteria and the text can be assessed as **moderate**. The text clearly indicates that there is an initial vision and strategy for it modernization and cloud transformation, which aligns with the criteria of having a ""partial completion of vision, strategy, and objectives."" however, the text also highlights a significant gap in aligning it initiatives with broader business goals and understanding the specific needs of business units, which corresponds to the criteria of ""disconnected business and it digital initiatives"" and ""poor alignment with enterprise strategy."" additionally, there is no specific mention of focusing on customer experiences, aligning with the criteria of ""lack of focus on customer experiences."" the moderate alignment is due to the presence of an initial strategy and the recognition of existing gaps, but a lack of comprehensive integration and focus on customer-centric outcomes.",0.5,0.69,"The narrative reveals that while the initial stages of cloud transformation strategy are set with a focus on it modernization, the broader understanding and integration of what various business units require from cloud solutions remain less defined, which could be crucial for aligning it capabilities more closely with overarching business objectives.","To effectively bridge the gap between it-centric cloud modernization and broader business unit needs, the organization should establish a cross-functional team comprising it specialists and business unit leaders. This team will be tasked with developing a unified cloud strategy that aligns it capabilities with specific business imperatives, ensuring that each step of the cloud transformation is directly linked to enhancing competitive positioning and achieving strategic business goals. By fostering continuous dialogue and feedback loops between it and business units, the organization can ensure that the cloud infrastructure not only supports but also drives business innovation. This approach will facilitate a more integrated and opportunistic vision and strategy, enabling the organization to execute projects that are aligned with enterprise-wide digital transformation goals, thereby enhancing the potential for disruptive digital initiatives."
Strategy & Governance,Transformation Business Office,1,"The alignment between the provided criteria and the text is **moderate**. The text outlines the formation of a transformation office and mentions an iterative approach to cloud adoption, which aligns with the criteria related to the transformation business office (tbo), hybrid-cloud adoption, and a transformation approach to system delivery. However, the text lacks specific details on oversight for execution, governance, and strategy ownership, and the ratification of tbo as a governance body, which are crucial elements of the criteria. Additionally, while there is mention of forming a team and educating on cloud capabilities, the text does not explicitly address organizational change management (ocm) or new business outcomes in a structured way that the criteria demand. Thus, while there are elements of alignment, significant gaps remain that prevent a strong alignment rating.",1.0,0.68,"The current structure lacks a fully enabled and governing transformation business office (tbo) that would serve as a central point for all cloud activities and standards, which is essential for aligning it capabilities with broader business requirements and ensuring effective communication across all stakeholders.","To effectively bridge the current gaps in it capabilities and business alignment while laying a robust foundation for it modernization, the organization should promptly establish a dedicated transformation business office (tbo). This office would be responsible for governing all cloud activities, ensuring adherence to multi-cloud standards, and actively disseminating the cloud vision, strategy, and roadmap across all stakeholders. By positioning the tbo product owner or sponsor directly under a cto/cio direct report, the organization can ensure strategic oversight and integration of cloud initiatives, including hybrid, iaas, saas, and paas models. This structure will not only centralize governance but also enhance the organization's ability to educate and engage business units in cloud capabilities, fostering a more cloud-centric culture and accelerating the adoption of cloud technologies across the enterprise."
